advert_id,nm_id,primary_keyword,target_grade,keyword,is_primary,shows,clicks,orders,ctr_pct,cpc_rub,spend_rub,bid_rub,status,retail_price_rub,cost_price_rub,margin_pct,max_drr_pct,parsed_position,keywords_synced_at
31275686,624468743,перчатки для уборки,top_1_3,перчатки для уборки,True,9658,1561,568,16.16,7.57,11816.77,12.0,managed,179.0,,,15.0,,2026-07-06T11:41:17.541895+00:00
33206346,754549033,перчатки для уборки,top_1_3,перчатки для уборки,True,9053,917,128,10.13,17.49,16038.33,18.0,managed,457.0,,,15.0,,2026-07-07T09:34:18.573836+00:00
33206165,754427875,перчатки резиновые хозяйственные,top_1_3,перчатки для уборки,False,5016,337,134,6.72,17.05,5745.85,9.0,managed,176.0,,,15.0,,2026-07-06T11:41:42.148456+00:00
31314341,629004626,тряпка для стекол без разводов,top_1_3,тряпка для стекол без разводов,True,4336,462,106,10.65,8.03,3709.86,8.0,managed,275.0,,,15.0,,2026-07-06T11:42:06.812999+00:00
33206165,754427875,перчатки резиновые хозяйственные,top_1_3,перчатки резиновые хозяйственные,True,2790,413,143,14.8,6.75,2787.75,10.0,managed,176.0,,,15.0,,2026-07-06T11:41:42.148456+00:00
36713559,869367544,салфетки из микрофибры 30х30,top_1_3,тряпки для кухни для стола,False,2383,209,26,8.77,9.79,2046.11,8.0,managed,330.0,,,15.0,,2026-07-06T11:40:28.342228+00:00
31275686,624468743,перчатки для уборки,top_1_3,перчатки резиновые прочные,False,1783,296,82,16.6,8.99,2661.04,15.0,managed,179.0,,,15.0,,2026-07-06T11:41:17.541895+00:00
31275686,624468743,перчатки для уборки,top_1_3,перчатки резиновые хозяйственные,False,1569,144,59,9.18,8.72,1255.68,,managed,179.0,,,15.0,,2026-07-06T11:41:17.541895+00:00
35110541,866360474,пенящиеся салфетки для уборки,top_1_3,пенящиеся салфетки для уборки,True,1433,172,20,12.0,2.92,502.24,,managed,561.0,,,15.0,,2026-07-06T11:39:39.210335+00:00
33206346,754549033,перчатки для уборки,top_1_3,перчатки хозяйственные,False,1377,100,12,7.26,12.39,1239.0,9.0,managed,457.0,,,15.0,,2026-07-07T09:34:18.573836+00:00
35704170,929900180,спонж для умывания,top_1_3,спонж для умывания,True,1282,70,10,5.46,9.71,679.7,5.0,managed,322.0,,,15.0,,2026-07-06T11:40:03.822341+00:00
33206165,754427875,перчатки резиновые хозяйственные,top_1_3,перчатки резиновые для огорода прочные,False,1077,160,26,14.86,4.69,750.4,7.0,managed,176.0,,,15.0,,2026-07-06T11:41:42.148456+00:00
31275686,624468743,перчатки для уборки,top_1_3,перчатки для уборки сверхпрочные,False,1036,227,65,21.91,2.74,621.98,6.0,managed,179.0,,,15.0,,2026-07-06T11:41:17.541895+00:00
31314341,629004626,тряпка для стекол без разводов,top_1_3,салфетка для стекол и зеркал без разводов,False,952,102,20,10.71,9.48,966.96,8.0,managed,275.0,,,15.0,,2026-07-06T11:42:06.812999+00:00
37636194,1085061548,салфетки для кухни,top_1_3,салфетки для уборки,False,846,43,3,5.08,8.68,373.24,,managed,235.0,,,15.0,,2026-07-06T11:42:56.036228+00:00
33206165,754427875,перчатки резиновые хозяйственные,top_1_3,перчатки для уборки сверхпрочные,False,830,105,28,12.65,6.0,630.0,8.0,managed,176.0,,,15.0,,2026-07-06T11:41:42.148456+00:00
37636194,1085061548,салфетки для кухни,top_1_3,салфетки для кухни,True,724,34,9,4.7,13.37,454.58,7.0,managed,235.0,,,15.0,,2026-07-06T11:42:56.036228+00:00
37328842,1001645746,губка для уборки,top_1_3,губка для уборки,True,698,40,7,5.73,16.23,649.2,10.0,managed,234.0,,,15.0,,2026-07-06T11:40:52.893238+00:00
36713559,869367544,салфетки из микрофибры 30х30,top_1_3,микрофибра тряпка,False,529,62,20,11.72,5.3,328.6,6.0,managed,330.0,,,15.0,,2026-07-06T11:40:28.342228+00:00
31314341,629004626,тряпка для стекол без разводов,top_1_3,тряпка для стекол и зеркал без разводов,False,516,76,10,14.73,5.42,411.92,8.0,managed,275.0,,,15.0,,2026-07-06T11:42:06.812999+00:00
37328842,1001645746,губка для уборки,top_1_3,кухонная тряпка,False,485,23,2,4.74,17.14,394.22,,managed,234.0,,,15.0,,2026-07-06T11:40:52.893238+00:00
35098216,754606396,мочалка варежка для тела,top_1_3,мочалка варежка для тела,True,458,49,12,10.7,0.75,36.75,,managed,246.0,,,15.0,,2026-07-06T11:42:31.435927+00:00
33206346,754549033,перчатки для уборки,top_1_3,перчатки для мытья посуды,False,450,37,1,8.22,10.95,405.15,9.0,managed,457.0,,,15.0,,2026-07-07T09:34:18.573836+00:00
37328842,1001645746,губка для уборки,top_1_3,тряпка для уборки,False,420,14,0,3.33,18.04,252.56,,managed,234.0,,,15.0,,2026-07-06T11:40:52.893238+00:00
33206346,754549033,перчатки для уборки,top_1_3,перчатки для кухни,False,384,44,4,11.46,7.85,345.4,9.0,managed,457.0,,,15.0,,2026-07-07T09:34:18.573836+00:00
35704170,929900180,спонж для умывания,top_1_3,спонж для умывания лица,False,356,41,5,11.52,4.89,200.49,5.0,managed,322.0,,,15.0,,2026-07-06T11:40:03.822341+00:00
31275686,624468743,перчатки для уборки,top_1_3,перчатки хозяйственные,False,351,14,4,3.99,12.54,175.56,,managed,179.0,,,15.0,,2026-07-06T11:41:17.541895+00:00
35110541,866360474,пенящиеся салфетки для уборки,top_1_3,салфетки пенящиеся,False,342,43,4,12.57,3.18,136.74,4.0,managed,561.0,,,15.0,,2026-07-06T11:39:39.210335+00:00
31314341,629004626,тряпка для стекол без разводов,top_1_3,салфетки для зеркал без разводов,False,334,46,9,13.77,11.06,508.76,18.0,managed,275.0,,,15.0,,2026-07-06T11:42:06.812999+00:00
31314341,629004626,тряпка для стекол без разводов,top_1_3,тряпка для стекол и зеркал,False,311,45,11,14.47,5.52,248.4,8.0,managed,275.0,,,15.0,,2026-07-06T11:42:06.812999+00:00
35098216,754606396,мочалка варежка для тела,top_1_3,мочалка варежка,False,308,35,7,11.36,0.7,24.5,,managed,246.0,,,15.0,,2026-07-06T11:42:31.435927+00:00
31314341,629004626,тряпка для стекол без разводов,top_1_3,тряпка для окон без разводов,False,291,21,9,7.22,12.17,255.57,8.0,managed,275.0,,,15.0,,2026-07-06T11:42:06.812999+00:00
33206346,754549033,перчатки для уборки,top_1_3,перчатка для уборки пыли,False,273,5,0,1.83,19.11,95.55,,managed,457.0,,,15.0,,2026-07-07T09:34:18.573836+00:00
31314341,629004626,тряпка для стекол без разводов,top_1_3,тряпка для мытья окон,False,248,33,6,13.31,6.01,198.33,8.0,managed,275.0,,,15.0,,2026-07-06T11:42:06.812999+00:00
35110541,866360474,пенящиеся салфетки для уборки,top_1_3,салфетки для уборки в рулоне многоразовые пенящиеся,False,247,42,8,17.0,2.06,86.52,,managed,561.0,,,15.0,,2026-07-06T11:39:39.210335+00:00
31275686,624468743,перчатки для уборки,top_1_3,перчатки резиновые хозяйственные суперпрочные,False,246,19,2,7.72,6.42,121.98,5.0,managed,179.0,,,15.0,,2026-07-06T11:41:17.541895+00:00
33206346,754549033,перчатки для уборки,top_1_3,перчатки резиновые хозяйственные суперпрочные,False,235,31,4,13.19,6.82,211.42,9.0,managed,457.0,,,15.0,,2026-07-07T09:34:18.573836+00:00
33206346,754549033,перчатки для уборки,top_1_3,перчатки резиновые плотные,False,234,12,1,5.13,15.6,187.2,8.0,managed,457.0,,,15.0,,2026-07-07T09:34:18.573836+00:00
37636194,1085061548,салфетки для кухни,top_1_3,кухонная тряпка,False,233,2,0,0.86,53.75,107.5,,managed,235.0,,,15.0,,2026-07-06T11:42:56.036228+00:00
31314341,629004626,тряпка для стекол без разводов,top_1_3,салфетки для мытья окон без разводов,False,221,36,3,16.29,4.91,176.76,8.0,managed,275.0,,,15.0,,2026-07-06T11:42:06.812999+00:00
33206346,754549033,перчатки для уборки,top_1_3,хлопковые перчатки для уборки,False,208,16,1,7.69,4.55,72.8,,managed,457.0,,,15.0,,2026-07-07T09:34:18.573836+00:00
31275686,624468743,перчатки для уборки,top_1_3,перчатки резиновые хозяйственные прочные,False,192,18,3,9.38,8.53,153.54,8.0,managed,179.0,,,15.0,,2026-07-06T11:41:17.541895+00:00
31314341,629004626,тряпка для стекол без разводов,top_1_3,тряпка для стекол без разводов и средств,False,185,19,3,10.27,6.82,129.58,9.0,managed,275.0,,,15.0,,2026-07-06T11:42:06.812999+00:00
36713559,869367544,салфетки из микрофибры 30х30,top_1_3,тряпка для кухня микрофибра,False,183,12,2,6.56,9.4,112.8,7.0,managed,330.0,,,15.0,,2026-07-06T11:40:28.342228+00:00
31314341,629004626,тряпка для стекол без разводов,top_1_3,салфетки для окон и зеркал без разводов,False,180,24,5,13.33,6.19,148.56,8.0,managed,275.0,,,15.0,,2026-07-06T11:42:06.812999+00:00
35704170,929900180,спонж для умывания,top_1_3,конжак,False,169,3,0,1.78,19.15,57.45,,managed,322.0,,,15.0,,2026-07-06T11:40:03.822341+00:00
37328842,1001645746,губка для уборки,top_1_3,салфетка для мытья посуды,False,162,12,0,7.41,10.38,124.56,,managed,234.0,,,15.0,,2026-07-06T11:40:52.893238+00:00
33206346,754549033,перчатки для уборки,top_1_3,перчатка для пыли,False,161,1,0,0.62,56.35,56.35,,managed,457.0,,,15.0,,2026-07-07T09:34:18.573836+00:00
33206165,754427875,перчатки резиновые хозяйственные,top_1_3,перчатки резиновые хозяйственные прочные,False,158,19,4,12.03,7.47,141.93,9.0,managed,176.0,,,15.0,,2026-07-06T11:41:42.148456+00:00
35098216,754606396,мочалка варежка для тела,top_1_3,мочалка варежка для душа,False,156,23,5,14.74,0.54,12.42,,managed,246.0,,,15.0,,2026-07-06T11:42:31.435927+00:00
37636194,1085061548,салфетки для кухни,top_1_3,салфетки вискозные,False,155,20,3,12.9,2.71,54.2,,managed,235.0,,,15.0,,2026-07-06T11:42:56.036228+00:00
36713559,869367544,салфетки из микрофибры 30х30,top_1_3,салфетки из микрофибры 30х30,True,154,15,28,9.74,7.19,107.85,7.0,managed,330.0,,,15.0,,2026-07-06T11:40:28.342228+00:00
37328842,1001645746,губка для уборки,top_1_3,тряпка для мытья посуды,False,153,8,1,5.23,14.78,118.24,,managed,234.0,,,15.0,,2026-07-06T11:40:52.893238+00:00
33206165,754427875,перчатки резиновые хозяйственные,top_1_3,перчатки латексные,False,148,9,2,6.08,16.44,147.96,,managed,176.0,,,15.0,,2026-07-06T11:41:42.148456+00:00
33206346,754549033,перчатки для уборки,top_1_3,перчатки для уборки прочные,False,146,18,3,12.33,8.11,145.98,10.0,managed,457.0,,,15.0,,2026-07-07T09:34:18.573836+00:00
33206165,754427875,перчатки резиновые хозяйственные,top_1_3,перчатки для уборки прочные,False,144,21,4,14.58,4.11,86.31,6.0,managed,176.0,,,15.0,,2026-07-06T11:41:42.148456+00:00
37328842,1001645746,губка для уборки,top_1_3,кухонные салфетки для уборки,False,137,5,1,3.65,17.6,88.0,,managed,234.0,,,15.0,,2026-07-06T11:40:52.893238+00:00
35704170,929900180,спонж для умывания,top_1_3,спонж конняку,False,131,30,3,22.9,1.48,44.4,,managed,322.0,,,15.0,,2026-07-06T11:40:03.822341+00:00
35110541,866360474,пенящиеся салфетки для уборки,top_1_3,салфетки с моющим средством для уборки,False,125,29,2,23.2,2.59,75.11,6.0,managed,561.0,,,15.0,,2026-07-06T11:39:39.210335+00:00
35098216,754606396,мочалка варежка для тела,top_1_3,косметика,False,123,6,0,4.88,1.64,9.84,,managed,246.0,,,15.0,,2026-07-06T11:42:31.435927+00:00
33206346,754549033,перчатки для уборки,top_1_3,перчатки с хлопковым напылением внутри,False,119,34,6,28.57,1.22,41.48,3.5,managed,457.0,,,15.0,,2026-07-07T09:34:18.573836+00:00
33206346,754549033,перчатки для уборки,top_1_3,перчатки хозяйственные прочные,False,119,16,2,13.45,5.95,95.2,8.0,managed,457.0,,,15.0,,2026-07-07T09:34:18.573836+00:00
33206346,754549033,перчатки для уборки,top_1_3,перчатки резиновые прочные для химии,False,111,11,4,9.91,10.09,110.99,10.0,managed,457.0,,,15.0,,2026-07-07T09:34:18.573836+00:00
35110541,866360474,пенящиеся салфетки для уборки,top_1_3,салфетки для уборки пенящиеся многоразовые,False,111,7,0,6.31,5.55,38.85,,managed,561.0,,,15.0,,2026-07-06T11:39:39.210335+00:00
31275686,624468743,перчатки для уборки,top_1_3,перчатки хозяйственные прочные,False,110,13,3,11.82,2.96,38.48,,managed,179.0,,,15.0,,2026-07-06T11:41:17.541895+00:00
31275686,624468743,перчатки для уборки,top_1_3,перчатки для уборки s,False,108,19,7,17.59,1.99,37.81,,managed,179.0,,,15.0,,2026-07-06T11:41:17.541895+00:00
36713559,869367544,салфетки из микрофибры 30х30,top_1_3,салфетки из микрофибры для кухни 30х30,False,107,17,2,15.89,4.41,74.97,7.0,managed,330.0,,,15.0,,2026-07-06T11:40:28.342228+00:00
37328842,1001645746,губка для уборки,top_1_3,салфетка из микрофибры для кухня,False,104,4,0,3.85,13.7,54.8,,managed,234.0,,,15.0,,2026-07-06T11:40:52.893238+00:00
33206346,754549033,перчатки для уборки,top_1_3,перчатки для уборки с хлопком внутри,False,100,19,7,19.0,1.84,34.96,,managed,457.0,,,15.0,,2026-07-07T09:34:18.573836+00:00
31275686,624468743,перчатки для уборки,top_1_3,перчатки латексные хозяйственные,False,98,9,1,9.18,7.62,68.58,7.0,pending_100_shows,179.0,,,15.0,,2026-07-06T11:41:17.541895+00:00
37328842,1001645746,губка для уборки,top_1_3,салфетки для уборки двухсторонние,False,93,9,1,9.68,3.62,32.58,,pending_100_shows,234.0,,,15.0,,2026-07-06T11:40:52.893238+00:00
37328842,1001645746,губка для уборки,top_1_3,салфетка для посуды,False,92,3,0,3.26,13.42,40.26,,pending_100_shows,234.0,,,15.0,,2026-07-06T11:40:52.893238+00:00
36713559,869367544,салфетки из микрофибры 30х30,top_1_3,тряпки для кухни для стола из микрофибры,False,91,15,2,16.48,3.93,58.95,8.0,pending_100_shows,330.0,,,15.0,,2026-07-06T11:40:28.342228+00:00
37328842,1001645746,губка для уборки,top_1_3,салфетки для кухни,False,91,5,0,5.49,10.67,53.35,,pending_100_shows,234.0,,,15.0,,2026-07-06T11:40:52.893238+00:00
31314341,629004626,тряпка для стекол без разводов,top_1_3,тряпка для зеркал и стекол без разводов,False,89,9,3,10.11,5.93,53.37,6.0,pending_100_shows,275.0,,,15.0,,2026-07-06T11:42:06.812999+00:00
36713559,869367544,салфетки из микрофибры 30х30,top_1_3,салфетки 30 30 микрофибра,False,78,4,0,5.13,6.83,27.32,,pending_100_shows,330.0,,,15.0,,2026-07-06T11:40:28.342228+00:00
33206346,754549033,перчатки для уборки,top_1_3,перчатки для посуды,False,75,6,0,8.0,7.5,45.0,6.0,pending_100_shows,457.0,,,15.0,,2026-07-07T09:34:18.573836+00:00
33206165,754427875,перчатки резиновые хозяйственные,top_1_3,резиновые перчатки для уборки,False,74,1,1,1.35,44.4,44.4,,pending_100_shows,176.0,,,15.0,,2026-07-06T11:41:42.148456+00:00
33206346,754549033,перчатки для уборки,top_1_3,перчатки резиновые хозяйственные прочные,False,74,5,0,6.76,8.88,44.4,6.0,pending_100_shows,457.0,,,15.0,,2026-07-07T09:34:18.573836+00:00
37328842,1001645746,губка для уборки,top_1_3,тряпка для посуды,False,73,0,0,0.0,,0.0,,pending_100_shows,234.0,,,15.0,,2026-07-06T11:40:52.893238+00:00
31314341,629004626,тряпка для стекол без разводов,top_1_3,тряпки для стекол без разводов для окон,False,72,5,0,6.94,5.04,25.2,,pending_100_shows,275.0,,,15.0,,2026-07-06T11:42:06.812999+00:00
33206346,754549033,перчатки для уборки,top_1_3,перчатки с хлопковым напылением,False,72,28,17,38.89,2.57,71.96,10.0,pending_100_shows,457.0,,,15.0,,2026-07-07T09:34:18.573836+00:00
31314341,629004626,тряпка для стекол без разводов,top_1_3,умные тряпки для стекол и зеркал без разводов корея,False,70,10,1,14.29,2.45,24.5,,pending_100_shows,275.0,,,15.0,,2026-07-06T11:42:06.812999+00:00
36713559,869367544,салфетки из микрофибры 30х30,top_1_3,тряпка для пола микрофибра,False,69,0,0,0.0,,0.0,,pending_100_shows,330.0,,,15.0,,2026-07-06T11:40:28.342228+00:00
37636194,1085061548,салфетки для кухни,top_1_3,для уборки,False,69,0,0,0.0,,0.0,,pending_100_shows,235.0,,,15.0,,2026-07-06T11:42:56.036228+00:00
33206165,754427875,перчатки резиновые хозяйственные,top_1_3,перчатки женские резиновые прочные,False,68,11,3,16.18,2.16,23.76,,pending_100_shows,176.0,,,15.0,,2026-07-06T11:41:42.148456+00:00
35098216,754606396,мочалка варежка для тела,top_1_3,мочалка для душа женская варежка,False,68,10,1,14.71,0.54,5.4,,pending_100_shows,246.0,,,15.0,,2026-07-06T11:42:31.435927+00:00
37636194,1085061548,салфетки для кухни,top_1_3,салфетки вискозные для кухни,False,68,2,0,2.94,12.43,24.86,,pending_100_shows,235.0,,,15.0,,2026-07-06T11:42:56.036228+00:00
31314341,629004626,тряпка для стекол без разводов,top_1_3,салфетка для стекол и зеркал корея без разводов,False,67,11,0,16.42,2.13,23.43,,pending_100_shows,275.0,,,15.0,,2026-07-06T11:42:06.812999+00:00
31314341,629004626,тряпка для стекол без разводов,top_1_3,умные корейские салфетки для уборки без разводов для стекол,False,66,8,1,12.12,2.89,23.12,,pending_100_shows,275.0,,,15.0,,2026-07-06T11:42:06.812999+00:00
31275686,624468743,перчатки для уборки,top_1_3,перчатки хозяйственные для уборки,False,65,9,2,13.85,5.06,45.54,7.0,pending_100_shows,179.0,,,15.0,,2026-07-06T11:41:17.541895+00:00
31314341,629004626,тряпка для стекол без разводов,top_1_3,тряпка для стекол без разводов корея,False,65,9,0,13.85,4.33,38.97,6.0,pending_100_shows,275.0,,,15.0,,2026-07-06T11:42:06.812999+00:00
37636194,1085061548,салфетки для кухни,top_1_3,кухонные салфетки для уборки,False,65,3,0,4.62,7.58,22.74,,pending_100_shows,235.0,,,15.0,,2026-07-06T11:42:56.036228+00:00
31275686,624468743,перчатки для уборки,top_1_3,перчатки хозяйственные суперпрочные,False,64,5,4,7.81,4.48,22.4,,pending_100_shows,179.0,,,15.0,,2026-07-06T11:41:17.541895+00:00
35098216,754606396,мочалка варежка для тела,top_1_3,мочалки тела,False,63,1,0,1.59,5.04,5.04,,pending_100_shows,246.0,,,15.0,,2026-07-06T11:42:31.435927+00:00
35704170,929900180,спонж для умывания,top_1_3,спонж для умывания конняку,False,63,8,4,12.7,2.68,21.44,,pending_100_shows,322.0,,,15.0,,2026-07-06T11:40:03.822341+00:00
36713559,869367544,салфетки из микрофибры 30х30,top_1_3,половые тряпки для пола,False,63,1,0,1.59,22.05,22.05,,pending_100_shows,330.0,,,15.0,,2026-07-06T11:40:28.342228+00:00
37328842,1001645746,губка для уборки,top_1_3,салфетки тканевые,False,63,1,0,1.59,22.05,22.05,,pending_100_shows,234.0,,,15.0,,2026-07-06T11:40:52.893238+00:00
35098216,754606396,мочалка варежка для тела,top_1_3,варежка мочалка для тела женская,False,62,9,2,14.52,0.55,4.95,,pending_100_shows,246.0,,,15.0,,2026-07-06T11:42:31.435927+00:00
35110541,866360474,пенящиеся салфетки для уборки,top_1_3,салфетки для уборки кухонные пенящиеся,False,61,10,0,16.39,2.14,21.4,,pending_100_shows,561.0,,,15.0,,2026-07-06T11:39:39.210335+00:00
33206165,754427875,перчатки резиновые хозяйственные,top_1_3,перчатки резиновые хозяйственные мужские,False,60,23,3,38.33,0.91,20.93,,pending_100_shows,176.0,,,15.0,,2026-07-06T11:41:42.148456+00:00
33206346,754549033,перчатки для уборки,top_1_3,перчатки хозяйственные виниловые,False,60,13,3,21.67,5.08,66.04,11.0,pending_100_shows,457.0,,,15.0,,2026-07-07T09:34:18.573836+00:00
35098216,754606396,мочалка варежка для тела,top_1_3,варежка для душа,False,60,8,1,13.33,0.6,4.8,,pending_100_shows,246.0,,,15.0,,2026-07-06T11:42:31.435927+00:00
31314341,629004626,тряпка для стекол без разводов,top_1_3,тряпка для стекол и зеркал без разводов корея,False,57,16,1,28.07,2.14,34.24,6.0,pending_100_shows,275.0,,,15.0,,2026-07-06T11:42:06.812999+00:00
35098216,754606396,мочалка варежка для тела,top_1_3,губка скраб для тела,False,57,1,1,1.75,4.56,4.56,,pending_100_shows,246.0,,,15.0,,2026-07-06T11:42:31.435927+00:00
33206346,754549033,перчатки для уборки,top_1_3,перчатки женские резиновые прочные,False,55,6,0,10.91,3.21,19.26,,pending_100_shows,457.0,,,15.0,,2026-07-07T09:34:18.573836+00:00
31314341,629004626,тряпка для стекол без разводов,top_1_3,салфетки для мытья окон без разводов и зеркал,False,54,14,2,25.93,1.35,18.9,,pending_100_shows,275.0,,,15.0,,2026-07-06T11:42:06.812999+00:00
35098216,754606396,мочалка варежка для тела,top_1_3,варежка для пилинга,False,54,8,1,14.81,0.54,4.32,,pending_100_shows,246.0,,,15.0,,2026-07-06T11:42:31.435927+00:00
37328842,1001645746,губка для уборки,top_1_3,для уборки,False,54,1,0,1.85,18.9,18.9,,pending_100_shows,234.0,,,15.0,,2026-07-06T11:40:52.893238+00:00
31314341,629004626,тряпка для стекол без разводов,top_1_3,чудо тряпка для стекол и зеркал,False,53,6,3,11.32,3.09,18.54,,pending_100_shows,275.0,,,15.0,,2026-07-06T11:42:06.812999+00:00
35098216,754606396,мочалка варежка для тела,top_1_3,мочалка отшелушивающая для тела,False,53,2,0,3.77,2.12,4.24,,pending_100_shows,246.0,,,15.0,,2026-07-06T11:42:31.435927+00:00
35110541,866360474,пенящиеся салфетки для уборки,top_1_3,салфетки для уборки с пеной в рулоне,False,53,14,2,26.42,1.33,18.62,,pending_100_shows,561.0,,,15.0,,2026-07-06T11:39:39.210335+00:00
35704170,929900180,спонж для умывания,top_1_3,спонж для умывания конжаковый,False,52,6,1,11.54,2.95,17.7,3.4,pending_100_shows,322.0,,,15.0,,2026-07-06T11:40:03.822341+00:00
33206346,754549033,перчатки для уборки,top_1_3,перчатки для уборки s,False,51,4,2,7.84,4.46,17.84,,pending_100_shows,457.0,,,15.0,,2026-07-07T09:34:18.573836+00:00
35098216,754606396,мочалка варежка для тела,top_1_3,скраб для тела,False,50,1,0,2.0,4.0,4.0,,pending_100_shows,246.0,,,15.0,,2026-07-06T11:42:31.435927+00:00
35110541,866360474,пенящиеся салфетки для уборки,top_1_3,салфетки с кокосовой пропиткой для уборки,False,48,5,0,10.42,3.36,16.8,,pending_100_shows,561.0,,,15.0,,2026-07-06T11:39:39.210335+00:00
31275686,624468743,перчатки для уборки,top_1_3,резиновые перчатки для уборки прочные,False,47,9,4,19.15,1.83,16.47,,pending_100_shows,179.0,,,15.0,,2026-07-06T11:41:17.541895+00:00
33206346,754549033,перчатки для уборки,top_1_3,перчатки хозяйственные суперпрочные,False,47,3,0,6.38,5.48,16.44,,pending_100_shows,457.0,,,15.0,,2026-07-07T09:34:18.573836+00:00
33206346,754549033,перчатки для уборки,top_1_3,перчатки от пыли,False,45,0,0,0.0,,0.0,,pending_100_shows,457.0,,,15.0,,2026-07-07T09:34:18.573836+00:00
35098216,754606396,мочалка варежка для тела,top_1_3,мочалка для тела пилинг,False,45,2,0,4.44,1.8,3.6,,pending_100_shows,246.0,,,15.0,,2026-07-06T11:42:31.435927+00:00
31275686,624468743,перчатки для уборки,top_1_3,резиновые перчатки для огорода прочные упаковка,False,44,2,1,4.55,7.7,15.4,,pending_100_shows,179.0,,,15.0,,2026-07-06T11:41:17.541895+00:00
33206346,754549033,перчатки для уборки,top_1_3,перчатки для уборки белые,False,44,4,0,9.09,3.85,15.4,,pending_100_shows,457.0,,,15.0,,2026-07-07T09:34:18.573836+00:00
33206346,754549033,перчатки для уборки,top_1_3,хлопковые белые перчатки,False,44,1,0,2.27,15.4,15.4,,pending_100_shows,457.0,,,15.0,,2026-07-07T09:34:18.573836+00:00
31314341,629004626,тряпка для стекол без разводов,top_1_3,салфетки для стекол и зеркал без разводов безворсовые,False,43,2,0,4.65,7.53,15.06,,pending_100_shows,275.0,,,15.0,,2026-07-06T11:42:06.812999+00:00
33206346,754549033,перчатки для уборки,top_1_3,перчатки хозяйственные корея,False,42,5,0,11.9,2.94,14.7,,pending_100_shows,457.0,,,15.0,,2026-07-07T09:34:18.573836+00:00
33206165,754427875,перчатки резиновые хозяйственные,top_1_3,перчатки латексные прочные хозяйственные,False,41,3,0,7.32,6.83,20.49,5.0,pending_100_shows,176.0,,,15.0,,2026-07-06T11:41:42.148456+00:00
31275686,624468743,перчатки для уборки,top_1_3,перчатки для уборки сверхпрочные м,False,40,6,2,15.0,2.33,13.98,,pending_100_shows,179.0,,,15.0,,2026-07-06T11:41:17.541895+00:00
31314341,629004626,тряпка для стекол без разводов,top_1_3,умная салфетка для стекол и зеркал,False,40,1,0,2.5,14.0,14.0,,pending_100_shows,275.0,,,15.0,,2026-07-06T11:42:06.812999+00:00
31275686,624468743,перчатки для уборки,top_1_3,перчатки хозяйственные резиновые прочные для уборки,False,39,7,2,17.95,1.95,13.65,,pending_100_shows,179.0,,,15.0,,2026-07-06T11:41:17.541895+00:00
33206346,754549033,перчатки для уборки,top_1_3,перчатки для уборки плотные,False,38,10,1,26.32,1.33,13.3,,pending_100_shows,457.0,,,15.0,,2026-07-07T09:34:18.573836+00:00
33206346,754549033,перчатки для уборки,top_1_3,перчатки хлопковые хозяйственные,False,38,3,0,7.89,7.6,22.8,6.0,pending_100_shows,457.0,,,15.0,,2026-07-07T09:34:18.573836+00:00
31314341,629004626,тряпка для стекол без разводов,top_1_3,умная корейская салфетка для стекол и зеркал,False,36,1,0,2.78,12.6,12.6,,pending_100_shows,275.0,,,15.0,,2026-07-06T11:42:06.812999+00:00
37636194,1085061548,салфетки для кухни,top_1_3,тряпки,False,36,2,0,5.56,6.3,12.6,,pending_100_shows,235.0,,,15.0,,2026-07-06T11:42:56.036228+00:00
33206346,754549033,перчатки для уборки,top_1_3,перчатки хозяйственные с хлопковым напылением внутри,False,35,13,2,37.14,0.94,12.22,,pending_100_shows,457.0,,,15.0,,2026-07-07T09:34:18.573836+00:00
31275686,624468743,перчатки для уборки,top_1_3,перчатки женские резиновые,False,34,6,0,17.65,1.98,11.88,,pending_100_shows,179.0,,,15.0,,2026-07-06T11:41:17.541895+00:00
31275686,624468743,перчатки для уборки,top_1_3,перчатки хозяйственные резиновые для уборки,False,34,3,1,8.82,3.97,11.91,3.5,pending_100_shows,179.0,,,15.0,,2026-07-06T11:41:17.541895+00:00
33206165,754427875,перчатки резиновые хозяйственные,top_1_3,резиновые перчатки для уборки прочные,False,34,3,0,8.82,3.97,11.91,,pending_100_shows,176.0,,,15.0,,2026-07-06T11:41:42.148456+00:00
31275686,624468743,перчатки для уборки,top_1_3,перчатки для уборки сверхпрочные l,False,33,5,1,15.15,2.97,14.85,4.5,pending_100_shows,179.0,,,15.0,,2026-07-06T11:41:17.541895+00:00
31314341,629004626,тряпка для стекол без разводов,top_1_3,умная салфетка для стекол без разводов,False,32,2,1,6.25,5.6,11.2,,pending_100_shows,275.0,,,15.0,,2026-07-06T11:42:06.812999+00:00
33206346,754549033,перчатки для уборки,top_1_3,резиновые перчатки для уборки прочные,False,32,1,1,3.13,11.2,11.2,,pending_100_shows,457.0,,,15.0,,2026-07-07T09:34:18.573836+00:00
31314341,629004626,тряпка для стекол без разводов,top_1_3,умная салфетка для стекол и зеркал без разводов корея,False,31,2,0,6.45,5.43,10.86,,pending_100_shows,275.0,,,15.0,,2026-07-06T11:42:06.812999+00:00
33206346,754549033,перчатки для уборки,top_1_3,перчатки резиновые высокие,False,31,7,1,22.58,2.66,18.62,6.0,pending_100_shows,457.0,,,15.0,,2026-07-07T09:34:18.573836+00:00
31314341,629004626,тряпка для стекол без разводов,top_1_3,салфетки для стекол корея,False,30,2,0,6.67,5.25,10.5,3.5,pending_100_shows,275.0,,,15.0,,2026-07-06T11:42:06.812999+00:00
33206346,754549033,перчатки для уборки,top_1_3,перчатки резиновые плотные для огорода,False,30,3,0,10.0,3.5,10.5,,pending_100_shows,457.0,,,15.0,,2026-07-07T09:34:18.573836+00:00
35110541,866360474,пенящиеся салфетки для уборки,top_1_3,салфетки для уборки с пеной,False,30,13,1,43.33,0.81,10.53,,pending_100_shows,561.0,,,15.0,,2026-07-06T11:39:39.210335+00:00
31275686,624468743,перчатки для уборки,top_1_3,перчатки резиновые красные,False,29,6,0,20.69,1.69,10.14,,pending_100_shows,179.0,,,15.0,,2026-07-06T11:41:17.541895+00:00
31275686,624468743,перчатки для уборки,top_1_3,перчатки резиновые хозяйственные s,False,29,5,5,17.24,2.03,10.15,,pending_100_shows,179.0,,,15.0,,2026-07-06T11:41:17.541895+00:00
33206346,754549033,перчатки для уборки,top_1_3,перчатки резиновые плотные для уборки,False,29,0,0,0.0,,0.0,,pending_100_shows,457.0,,,15.0,,2026-07-07T09:34:18.573836+00:00
35110541,866360474,пенящиеся салфетки для уборки,top_1_3,абразивные пенящиеся салфетки для кухни,False,29,0,0,0.0,,0.0,,pending_100_shows,561.0,,,15.0,,2026-07-06T11:39:39.210335+00:00
35110541,866360474,пенящиеся салфетки для уборки,top_1_3,салфетки с пеной,False,29,8,0,27.59,1.27,10.16,,pending_100_shows,561.0,,,15.0,,2026-07-06T11:39:39.210335+00:00
31275686,624468743,перчатки для уборки,top_1_3,перчатки латексные прочные хозяйственные,False,28,1,0,3.57,9.8,9.8,,pending_100_shows,179.0,,,15.0,,2026-07-06T11:41:17.541895+00:00
33206165,754427875,перчатки резиновые хозяйственные,top_1_3,перчатки для уборки сверхпрочные s,False,28,5,3,17.86,1.96,9.8,,pending_100_shows,176.0,,,15.0,,2026-07-06T11:41:42.148456+00:00
35098216,754606396,мочалка варежка для тела,top_1_3,мочалка для душа рукавица,False,28,3,0,10.71,0.75,2.25,,pending_100_shows,246.0,,,15.0,,2026-07-06T11:42:31.435927+00:00
31314341,629004626,тряпка для стекол без разводов,top_1_3,салфетки для окон и зеркал без разводов корея,False,27,9,3,33.33,1.05,9.45,,pending_100_shows,275.0,,,15.0,,2026-07-06T11:42:06.812999+00:00
31314341,629004626,тряпка для стекол без разводов,top_1_3,тряпка для мытья зеркал и стекол без разводов,False,27,5,0,18.52,1.89,9.45,,pending_100_shows,275.0,,,15.0,,2026-07-06T11:42:06.812999+00:00
33206165,754427875,перчатки резиновые хозяйственные,top_1_3,перчатки резиновые прочные мужские,False,27,4,1,14.81,2.36,9.44,,pending_100_shows,176.0,,,15.0,,2026-07-06T11:41:42.148456+00:00
31275686,624468743,перчатки для уборки,top_1_3,перчатки хозяйственные прочные для уборки,False,26,4,3,15.38,2.28,9.12,,pending_100_shows,179.0,,,15.0,,2026-07-06T11:41:17.541895+00:00
31314341,629004626,тряпка для стекол без разводов,top_1_3,умная салфетка для мытья окон,False,26,3,1,11.54,3.03,9.09,,pending_100_shows,275.0,,,15.0,,2026-07-06T11:42:06.812999+00:00
33206346,754549033,перчатки для уборки,top_1_3,перчатки садовые высокие,False,26,0,0,0.0,,0.0,,pending_100_shows,457.0,,,15.0,,2026-07-07T09:34:18.573836+00:00
33206346,754549033,перчатки для уборки,top_1_3,перчатки садовые женские хлопок,False,26,1,0,3.85,9.1,9.1,,pending_100_shows,457.0,,,15.0,,2026-07-07T09:34:18.573836+00:00
31314341,629004626,тряпка для стекол без разводов,top_1_3,салфетка для стекол и зеркал корейская,False,25,5,0,20.0,1.75,8.75,,pending_100_shows,275.0,,,15.0,,2026-07-06T11:42:06.812999+00:00
31314341,629004626,тряпка для стекол без разводов,top_1_3,салфетки для мытья окон без разводов и зеркал корея,False,25,5,0,20.0,1.75,8.75,,pending_100_shows,275.0,,,15.0,,2026-07-06T11:42:06.812999+00:00
31314341,629004626,тряпка для стекол без разводов,top_1_3,умная тряпка для окон,False,25,2,0,8.0,4.38,8.76,,pending_100_shows,275.0,,,15.0,,2026-07-06T11:42:06.812999+00:00
33206165,754427875,перчатки резиновые хозяйственные,top_1_3,перчатки резиновые хозяйственные xl,False,25,17,3,68.0,0.51,8.67,,pending_100_shows,176.0,,,15.0,,2026-07-06T11:41:42.148456+00:00
33206165,754427875,перчатки резиновые хозяйственные,top_1_3,перчатки хозяйственные s,False,25,7,0,28.0,1.25,8.75,,pending_100_shows,176.0,,,15.0,,2026-07-06T11:41:42.148456+00:00
33206346,754549033,перчатки для уборки,top_1_3,перчатки высокие хозяйственные,False,25,2,0,8.0,4.38,8.76,,pending_100_shows,457.0,,,15.0,,2026-07-07T09:34:18.573836+00:00
35110541,866360474,пенящиеся салфетки для уборки,top_1_3,пенящиеся салфетки для кухни,False,25,3,0,12.0,2.92,8.76,,pending_100_shows,561.0,,,15.0,,2026-07-06T11:39:39.210335+00:00
33206346,754549033,перчатки для уборки,top_1_3,перчатки резиновые для кухни,False,24,3,0,12.5,2.8,8.4,,pending_100_shows,457.0,,,15.0,,2026-07-07T09:34:18.573836+00:00
33206165,754427875,перчатки резиновые хозяйственные,top_1_3,перчатки для уборки l,False,23,4,0,17.39,2.01,8.04,,pending_100_shows,176.0,,,15.0,,2026-07-06T11:41:42.148456+00:00
33206346,754549033,перчатки для уборки,top_1_3,перчатки для чистки овощей,False,23,0,0,0.0,,0.0,,pending_100_shows,457.0,,,15.0,,2026-07-07T09:34:18.573836+00:00
33206346,754549033,перчатки для уборки,top_1_3,перчатки хозяйственные с хлопковым напылением,False,23,7,0,30.43,1.15,8.05,,pending_100_shows,457.0,,,15.0,,2026-07-07T09:34:18.573836+00:00
31314341,629004626,тряпка для стекол без разводов,top_1_3,тряпка для мытья стекол и зеркал,False,22,1,0,4.55,7.7,7.7,,pending_100_shows,275.0,,,15.0,,2026-07-06T11:42:06.812999+00:00
33206165,754427875,перчатки резиновые хозяйственные,top_1_3,перчатки для уборки сверхпрочные xl,False,22,3,0,13.64,2.57,7.71,,pending_100_shows,176.0,,,15.0,,2026-07-06T11:41:42.148456+00:00
33206346,754549033,перчатки для уборки,top_1_3,перчатки хозяйственные прочные для уборки,False,22,3,0,13.64,3.67,11.01,5.0,pending_100_shows,457.0,,,15.0,,2026-07-07T09:34:18.573836+00:00
31275686,624468743,перчатки для уборки,top_1_3,перчатки для мытья посуды прочные,False,21,4,1,19.05,1.84,7.36,,pending_100_shows,179.0,,,15.0,,2026-07-06T11:41:17.541895+00:00
31275686,624468743,перчатки для уборки,top_1_3,перчатки для уборки сверхпрочные s,False,21,2,2,9.52,3.68,7.36,,pending_100_shows,179.0,,,15.0,,2026-07-06T11:41:17.541895+00:00
31275686,624468743,перчатки для уборки,top_1_3,перчатки резиновые латексные прочные,False,21,0,0,0.0,,0.0,,pending_100_shows,179.0,,,15.0,,2026-07-06T11:41:17.541895+00:00
31314341,629004626,тряпка для стекол без разводов,top_1_3,тряпка умная для стекол без разводов,False,21,1,0,4.76,7.35,7.35,,pending_100_shows,275.0,,,15.0,,2026-07-06T11:42:06.812999+00:00
33206346,754549033,перчатки для уборки,top_1_3,перчатки резиновые плотные хозяйственные,False,21,2,0,9.52,3.68,7.36,,pending_100_shows,457.0,,,15.0,,2026-07-07T09:34:18.573836+00:00
33206346,754549033,перчатки для уборки,top_1_3,резиновые перчатки с хлопковым напылением,False,21,5,0,23.81,1.47,7.35,,pending_100_shows,457.0,,,15.0,,2026-07-07T09:34:18.573836+00:00
35110541,866360474,пенящиеся салфетки для уборки,top_1_3,пенящиеся абразивные салфетки для уборки,False,21,0,0,0.0,,0.0,,pending_100_shows,561.0,,,15.0,,2026-07-06T11:39:39.210335+00:00
31314341,629004626,тряпка для стекол без разводов,top_1_3,умная тряпка без разводов,False,20,0,0,0.0,,0.0,,pending_100_shows,275.0,,,15.0,,2026-07-06T11:42:06.812999+00:00
33206165,754427875,перчатки резиновые хозяйственные,top_1_3,перчатки резиновые латексные прочные,False,20,0,0,0.0,,0.0,,pending_100_shows,176.0,,,15.0,,2026-07-06T11:41:42.148456+00:00
33206165,754427875,перчатки резиновые хозяйственные,top_1_3,перчатки хозяйственные прочные для уборки,False,20,3,0,15.0,2.33,6.99,,pending_100_shows,176.0,,,15.0,,2026-07-06T11:41:42.148456+00:00
33206346,754549033,перчатки для уборки,top_1_3,перчатки белые высокие,False,20,0,0,0.0,,0.0,,pending_100_shows,457.0,,,15.0,,2026-07-07T09:34:18.573836+00:00
33206346,754549033,перчатки для уборки,top_1_3,перчатки внутри хлопок,False,20,11,4,55.0,0.64,7.04,,pending_100_shows,457.0,,,15.0,,2026-07-07T09:34:18.573836+00:00
31314341,629004626,тряпка для стекол без разводов,top_1_3,тряпка для окон без разводов и средств,False,19,0,0,0.0,,0.0,,pending_100_shows,275.0,,,15.0,,2026-07-06T11:42:06.812999+00:00
33206165,754427875,перчатки резиновые хозяйственные,top_1_3,перчатки резиновые s,False,19,3,3,15.79,2.22,6.66,,pending_100_shows,176.0,,,15.0,,2026-07-06T11:41:42.148456+00:00
35098216,754606396,мочалка варежка для тела,top_1_3,мочалки,False,19,1,0,5.26,1.52,1.52,,pending_100_shows,246.0,,,15.0,,2026-07-06T11:42:31.435927+00:00
35098216,754606396,мочалка варежка для тела,top_1_3,перчатка скраб для тела,False,19,2,0,10.53,0.76,1.52,,pending_100_shows,246.0,,,15.0,,2026-07-06T11:42:31.435927+00:00
35110541,866360474,пенящиеся салфетки для уборки,top_1_3,салфетки многоразовые в рулоне пенящиеся,False,19,5,0,26.32,1.9,9.5,5.0,pending_100_shows,561.0,,,15.0,,2026-07-06T11:39:39.210335+00:00
31275686,624468743,перчатки для уборки,top_1_3,перчатки универсальные суперпрочные,False,18,0,0,0.0,,0.0,,pending_100_shows,179.0,,,15.0,,2026-07-06T11:41:17.541895+00:00
33206346,754549033,перчатки для уборки,top_1_3,перчатки прочные виниловые,False,18,5,0,27.78,1.26,6.3,,pending_100_shows,457.0,,,15.0,,2026-07-07T09:34:18.573836+00:00
37636194,1085061548,салфетки для кухни,top_1_3,салфетка,False,18,0,0,0.0,,0.0,,pending_100_shows,235.0,,,15.0,,2026-07-06T11:42:56.036228+00:00
31275686,624468743,перчатки для уборки,top_1_3,перчатки резиновые хозяйственные m,False,17,1,0,5.88,5.95,5.95,,pending_100_shows,179.0,,,15.0,,2026-07-06T11:41:17.541895+00:00
31314341,629004626,тряпка для стекол без разводов,top_1_3,салфетка для мытья стекол и зеркал без разводов,False,17,1,0,5.88,5.95,5.95,,pending_100_shows,275.0,,,15.0,,2026-07-06T11:42:06.812999+00:00
33206346,754549033,перчатки для уборки,top_1_3,перчатки корея,False,17,0,0,0.0,,0.0,,pending_100_shows,457.0,,,15.0,,2026-07-07T09:34:18.573836+00:00
33206346,754549033,перчатки для уборки,top_1_3,перчатки хозяйственные s,False,17,2,0,11.76,2.98,5.96,,pending_100_shows,457.0,,,15.0,,2026-07-07T09:34:18.573836+00:00
33206346,754549033,перчатки для уборки,top_1_3,перчатки хозяйственные резиновые прочные для уборки,False,17,0,1,0.0,,0.0,,pending_100_shows,457.0,,,15.0,,2026-07-07T09:34:18.573836+00:00
35110541,866360474,пенящиеся салфетки для уборки,top_1_3,абразивные салфетки для кухни,False,17,0,0,0.0,,0.0,,pending_100_shows,561.0,,,15.0,,2026-07-06T11:39:39.210335+00:00
31275686,624468743,перчатки для уборки,top_1_3,резиновые перчатки для уборки,False,16,2,0,12.5,6.4,12.8,,pending_100_shows,179.0,,,15.0,,2026-07-06T11:41:17.541895+00:00
31314341,629004626,тряпка для стекол без разводов,top_1_3,салфетки для зеркал и стекол без разводов,False,16,1,0,6.25,5.6,5.6,,pending_100_shows,275.0,,,15.0,,2026-07-06T11:42:06.812999+00:00
31314341,629004626,тряпка для стекол без разводов,top_1_3,тряпка для стекол без разводов и средств корея,False,16,3,0,18.75,1.87,5.61,,pending_100_shows,275.0,,,15.0,,2026-07-06T11:42:06.812999+00:00
33206165,754427875,перчатки резиновые хозяйственные,top_1_3,перчатки для мытья посуды прочные,False,16,1,0,6.25,5.6,5.6,,pending_100_shows,176.0,,,15.0,,2026-07-06T11:41:42.148456+00:00
33206165,754427875,перчатки резиновые хозяйственные,top_1_3,перчатки резиновые сверхпрочные,False,16,1,0,6.25,5.6,5.6,,pending_100_shows,176.0,,,15.0,,2026-07-06T11:41:42.148456+00:00
33206165,754427875,перчатки резиновые хозяйственные,top_1_3,перчатки садовые женские,False,16,0,0,0.0,,0.0,,pending_100_shows,176.0,,,15.0,,2026-07-06T11:41:42.148456+00:00
35110541,866360474,пенящиеся салфетки для уборки,top_1_3,полотенца для уборки в рулоне многоразовые,False,16,4,0,25.0,2.4,9.6,,pending_100_shows,561.0,,,15.0,,2026-07-06T11:39:39.210335+00:00
31314341,629004626,тряпка для стекол без разводов,top_1_3,корейская тряпка для стекол и зеркал,False,15,1,0,6.67,5.25,5.25,,pending_100_shows,275.0,,,15.0,,2026-07-06T11:42:06.812999+00:00
31314341,629004626,тряпка для стекол без разводов,top_1_3,салфетки для чистки стекол и зеркал,False,15,2,0,13.33,2.63,5.26,,pending_100_shows,275.0,,,15.0,,2026-07-06T11:42:06.812999+00:00
33206346,754549033,перчатки для уборки,top_1_3,перчатки для уборки виниловые,False,15,4,0,26.67,1.88,7.52,5.0,pending_100_shows,457.0,,,15.0,,2026-07-07T09:34:18.573836+00:00
33206346,754549033,перчатки для уборки,top_1_3,перчатки для химии,False,15,1,0,6.67,5.25,5.25,,pending_100_shows,457.0,,,15.0,,2026-07-07T09:34:18.573836+00:00
33206346,754549033,перчатки для уборки,top_1_3,перчатки хозяйственные белый цвета,False,15,6,0,40.0,0.88,5.28,,pending_100_shows,457.0,,,15.0,,2026-07-07T09:34:18.573836+00:00
31314341,629004626,тряпка для стекол без разводов,top_1_3,салфетка для стекол без разводов корея,False,14,3,0,21.43,1.63,4.89,,pending_100_shows,275.0,,,15.0,,2026-07-06T11:42:06.812999+00:00
31314341,629004626,тряпка для стекол без разводов,top_1_3,салфетка для стекол и зеркал,False,14,1,2,7.14,8.4,8.4,,pending_100_shows,275.0,,,15.0,,2026-07-06T11:42:06.812999+00:00
31314341,629004626,тряпка для стекол без разводов,top_1_3,салфетки для зеркал и стекол,False,14,0,0,0.0,,0.0,,pending_100_shows,275.0,,,15.0,,2026-07-06T11:42:06.812999+00:00
31314341,629004626,тряпка для стекол без разводов,top_1_3,тряпка для зеркал и стекол,False,14,1,0,7.14,4.9,4.9,,pending_100_shows,275.0,,,15.0,,2026-07-06T11:42:06.812999+00:00
31314341,629004626,тряпка для стекол без разводов,top_1_3,тряпки для уборки без разводов для стекла,False,14,3,0,21.43,1.63,4.89,,pending_100_shows,275.0,,,15.0,,2026-07-06T11:42:06.812999+00:00
33206165,754427875,перчатки резиновые хозяйственные,top_1_3,перчатки хозяйственные латексные сверхпрочные,False,14,0,0,0.0,,0.0,,pending_100_shows,176.0,,,15.0,,2026-07-06T11:41:42.148456+00:00
33206346,754549033,перчатки для уборки,top_1_3,перчатки для туалета,False,14,1,0,7.14,4.9,4.9,,pending_100_shows,457.0,,,15.0,,2026-07-07T09:34:18.573836+00:00
33206346,754549033,перчатки для уборки,top_1_3,перчатки с напылением внутри,False,14,2,0,14.29,2.45,4.9,,pending_100_shows,457.0,,,15.0,,2026-07-07T09:34:18.573836+00:00
31314341,629004626,тряпка для стекол без разводов,top_1_3,салфетка из микрофибры для стекол и зеркал,False,13,2,0,15.38,2.28,4.56,,pending_100_shows,275.0,,,15.0,,2026-07-06T11:42:06.812999+00:00
31314341,629004626,тряпка для стекол без разводов,top_1_3,тряпка для окон и зеркал,False,13,1,0,7.69,4.55,4.55,,pending_100_shows,275.0,,,15.0,,2026-07-06T11:42:06.812999+00:00
31314341,629004626,тряпка для стекол без разводов,top_1_3,тряпки для мытья зеркал,False,13,1,1,7.69,4.55,4.55,,pending_100_shows,275.0,,,15.0,,2026-07-06T11:42:06.812999+00:00
31314341,629004626,тряпка для стекол без разводов,top_1_3,тряпки для мытья стекол без разводов,False,13,0,0,0.0,,0.0,,pending_100_shows,275.0,,,15.0,,2026-07-06T11:42:06.812999+00:00
31314341,629004626,тряпка для стекол без разводов,top_1_3,умные корейские тряпки для уборки стекол без разводов,False,13,0,0,0.0,,0.0,,pending_100_shows,275.0,,,15.0,,2026-07-06T11:42:06.812999+00:00
33206346,754549033,перчатки для уборки,top_1_3,перчатки резиновые упаковка,False,13,0,0,0.0,,0.0,,pending_100_shows,457.0,,,15.0,,2026-07-07T09:34:18.573836+00:00
31275686,624468743,перчатки для уборки,top_1_3,перчатки мыть посуду,False,12,0,0,0.0,,0.0,,pending_100_shows,179.0,,,15.0,,2026-07-06T11:41:17.541895+00:00
33206165,754427875,перчатки резиновые хозяйственные,top_1_3,перчатки для мытья,False,12,0,0,0.0,,0.0,,pending_100_shows,176.0,,,15.0,,2026-07-06T11:41:42.148456+00:00
33206165,754427875,перчатки резиновые хозяйственные,top_1_3,перчатки женские для огорода резиновые,False,12,1,0,8.33,5.4,5.4,,pending_100_shows,176.0,,,15.0,,2026-07-06T11:41:42.148456+00:00
33206165,754427875,перчатки резиновые хозяйственные,top_1_3,перчатки резиновые латексные,False,12,0,0,0.0,,0.0,,pending_100_shows,176.0,,,15.0,,2026-07-06T11:41:42.148456+00:00
33206165,754427875,перчатки резиновые хозяйственные,top_1_3,перчатки резиновые хозяйственные m,False,12,2,0,16.67,2.1,4.2,,pending_100_shows,176.0,,,15.0,,2026-07-06T11:41:42.148456+00:00
33206346,754549033,перчатки для уборки,top_1_3,перчатки гипоаллергенные хозяйственные,False,12,2,2,16.67,2.1,4.2,,pending_100_shows,457.0,,,15.0,,2026-07-07T09:34:18.573836+00:00
35110541,866360474,пенящиеся салфетки для уборки,top_1_3,салфетки для кухни с пеной,False,12,1,0,8.33,4.2,4.2,,pending_100_shows,561.0,,,15.0,,2026-07-06T11:39:39.210335+00:00
31314341,629004626,тряпка для стекол без разводов,top_1_3,набор тряпок для стекол,False,11,3,0,27.27,1.28,3.84,,pending_100_shows,275.0,,,15.0,,2026-07-06T11:42:06.812999+00:00
31314341,629004626,тряпка для стекол без разводов,top_1_3,тряпки для стекол без разводов набор,False,11,0,0,0.0,,0.0,,pending_100_shows,275.0,,,15.0,,2026-07-06T11:42:06.812999+00:00
31314341,629004626,тряпка для стекол без разводов,top_1_3,умная тряпка для окон и зеркал,False,11,0,0,0.0,,0.0,,pending_100_shows,275.0,,,15.0,,2026-07-06T11:42:06.812999+00:00
33206346,754549033,перчатки для уборки,top_1_3,перчатки мыть посуду,False,11,0,0,0.0,,0.0,5.0,pending_100_shows,457.0,,,15.0,,2026-07-07T09:34:18.573836+00:00
35098216,754606396,мочалка варежка для тела,top_1_3,губка пилинг для тела,False,11,1,0,9.09,0.88,0.88,,pending_100_shows,246.0,,,15.0,,2026-07-06T11:42:31.435927+00:00
35098216,754606396,мочалка варежка для тела,top_1_3,косметика для девушек,False,11,0,0,0.0,,0.0,,pending_100_shows,246.0,,,15.0,,2026-07-06T11:42:31.435927+00:00
35098216,754606396,мочалка варежка для тела,top_1_3,скраб варежка,False,11,0,0,0.0,,0.0,,pending_100_shows,246.0,,,15.0,,2026-07-06T11:42:31.435927+00:00
35110541,866360474,пенящиеся салфетки для уборки,top_1_3,салфетки с кокосовой пропиткой,False,11,0,0,0.0,,0.0,,pending_100_shows,561.0,,,15.0,,2026-07-06T11:39:39.210335+00:00
33206165,754427875,перчатки резиновые хозяйственные,top_1_3,перчатки садовые с покрытием женские прочные l,False,10,1,1,10.0,3.5,3.5,,pending_100_shows,176.0,,,15.0,,2026-07-06T11:41:42.148456+00:00
33206165,754427875,перчатки резиновые хозяйственные,top_1_3,суперпрочные перчатки для уборки,False,10,0,0,0.0,,0.0,,pending_100_shows,176.0,,,15.0,,2026-07-06T11:41:42.148456+00:00
35098216,754606396,мочалка варежка для тела,top_1_3,мочалка для пилинга лица,False,10,1,0,10.0,0.8,0.8,,pending_100_shows,246.0,,,15.0,,2026-07-06T11:42:31.435927+00:00
35098216,754606396,мочалка варежка для тела,top_1_3,мочалка на руку,False,10,0,0,0.0,,0.0,,pending_100_shows,246.0,,,15.0,,2026-07-06T11:42:31.435927+00:00
35110541,866360474,пенящиеся салфетки для уборки,top_1_3,перфорированные салфетки,False,10,0,0,0.0,,0.0,,pending_100_shows,561.0,,,15.0,,2026-07-06T11:39:39.210335+00:00
35110541,866360474,пенящиеся салфетки для уборки,top_1_3,полотенца вискозные в рулоне,False,10,1,0,10.0,3.5,3.5,,pending_100_shows,561.0,,,15.0,,2026-07-06T11:39:39.210335+00:00
36713559,869367544,салфетки из микрофибры 30х30,top_1_3,тряпка из микрофибры,False,10,0,0,0.0,,0.0,,pending_100_shows,330.0,,,15.0,,2026-07-06T11:40:28.342228+00:00
31275686,624468743,перчатки для уборки,top_1_3,перчатки латексные прочные для уборки,False,9,0,0,0.0,,0.0,,pending_100_shows,179.0,,,15.0,,2026-07-06T11:41:17.541895+00:00
31314341,629004626,тряпка для стекол без разводов,top_1_3,тряпка для окон без разводов корея,False,9,0,0,0.0,,0.0,,pending_100_shows,275.0,,,15.0,,2026-07-06T11:42:06.812999+00:00
31314341,629004626,тряпка для стекол без разводов,top_1_3,умные тряпки для стекол и зеркал без разводов,False,9,0,0,0.0,,0.0,,pending_100_shows,275.0,,,15.0,,2026-07-06T11:42:06.812999+00:00
33206165,754427875,перчатки резиновые хозяйственные,top_1_3,перчатки для уборки м,False,9,0,0,0.0,,0.0,,pending_100_shows,176.0,,,15.0,,2026-07-06T11:41:42.148456+00:00
33206165,754427875,перчатки резиновые хозяйственные,top_1_3,перчатки хозяйственные xl,False,9,2,0,22.22,1.58,3.16,,pending_100_shows,176.0,,,15.0,,2026-07-06T11:41:42.148456+00:00
33206165,754427875,перчатки резиновые хозяйственные,top_1_3,резиновые перчатки упаковка прочные,False,9,0,0,0.0,,0.0,,pending_100_shows,176.0,,,15.0,,2026-07-06T11:41:42.148456+00:00
33206346,754549033,перчатки для уборки,top_1_3,malibri перчатки,False,9,4,1,44.44,0.79,3.16,,pending_100_shows,457.0,,,15.0,,2026-07-07T09:34:18.573836+00:00
33206346,754549033,перчатки для уборки,top_1_3,перчатки резиновые м,False,9,0,0,0.0,,0.0,,pending_100_shows,457.0,,,15.0,,2026-07-07T09:34:18.573836+00:00
35098216,754606396,мочалка варежка для тела,top_1_3,мочалка скатка для тела,False,9,2,0,22.22,0.36,0.72,,pending_100_shows,246.0,,,15.0,,2026-07-06T11:42:31.435927+00:00
35110541,866360474,пенящиеся салфетки для уборки,top_1_3,безворсовые салфетки с кокосовой пропиткой,False,9,1,0,11.11,3.15,3.15,,pending_100_shows,561.0,,,15.0,,2026-07-06T11:39:39.210335+00:00
35110541,866360474,пенящиеся салфетки для уборки,top_1_3,салфетки скраббер пенящиеся,False,9,1,0,11.11,3.6,3.6,,pending_100_shows,561.0,,,15.0,,2026-07-06T11:39:39.210335+00:00
35110541,866360474,пенящиеся салфетки для уборки,top_1_3,тряпки пенящиеся,False,9,2,0,22.22,1.58,3.16,,pending_100_shows,561.0,,,15.0,,2026-07-06T11:39:39.210335+00:00
31314341,629004626,тряпка для стекол без разводов,top_1_3,умная тряпка для мытья окон,False,8,1,0,12.5,2.8,2.8,,pending_100_shows,275.0,,,15.0,,2026-07-06T11:42:06.812999+00:00
33206346,754549033,перчатки для уборки,top_1_3,перчатки для уборки l,False,8,0,0,0.0,,0.0,,pending_100_shows,457.0,,,15.0,,2026-07-07T09:34:18.573836+00:00
33206346,754549033,перчатки для уборки,top_1_3,перчатки для уборки м,False,8,0,0,0.0,,0.0,,pending_100_shows,457.0,,,15.0,,2026-07-07T09:34:18.573836+00:00
31275686,624468743,перчатки для уборки,top_1_3,перчатки резиновые для уборки s,False,7,1,1,14.29,2.45,2.45,,pending_100_shows,179.0,,,15.0,,2026-07-06T11:41:17.541895+00:00
31314341,629004626,тряпка для стекол без разводов,top_1_3,салфетки для чистки стекла,False,7,1,0,14.29,2.45,2.45,,pending_100_shows,275.0,,,15.0,,2026-07-06T11:42:06.812999+00:00
31314341,629004626,тряпка для стекол без разводов,top_1_3,тряпка для зеркал без разводов корея,False,7,2,0,28.57,1.23,2.46,,pending_100_shows,275.0,,,15.0,,2026-07-06T11:42:06.812999+00:00
31314341,629004626,тряпка для стекол без разводов,top_1_3,умная салфетка для окон и зеркал,False,7,1,0,14.29,2.45,2.45,,pending_100_shows,275.0,,,15.0,,2026-07-06T11:42:06.812999+00:00
31314341,629004626,тряпка для стекол без разводов,top_1_3,умная салфетка для стекол и зеркал без разводов,False,7,0,0,0.0,,0.0,,pending_100_shows,275.0,,,15.0,,2026-07-06T11:42:06.812999+00:00
31314341,629004626,тряпка для стекол без разводов,top_1_3,умная чудо тряпка для стекол и зеркал,False,7,0,0,0.0,,0.0,,pending_100_shows,275.0,,,15.0,,2026-07-06T11:42:06.812999+00:00
33206165,754427875,перчатки резиновые хозяйственные,top_1_3,перчатки садовые с покрытием женские xl,False,7,0,0,0.0,,0.0,,pending_100_shows,176.0,,,15.0,,2026-07-06T11:41:42.148456+00:00
35098216,754606396,мочалка варежка для тела,top_1_3,массажная варежка для бани,False,7,2,2,28.57,0.28,0.56,,pending_100_shows,246.0,,,15.0,,2026-07-06T11:42:31.435927+00:00
35098216,754606396,мочалка варежка для тела,top_1_3,мочалка для тела на руку,False,7,0,0,0.0,,0.0,,pending_100_shows,246.0,,,15.0,,2026-07-06T11:42:31.435927+00:00
35110541,866360474,пенящиеся салфетки для уборки,top_1_3,рулонные салфетки для кухни,False,7,0,0,0.0,,0.0,,pending_100_shows,561.0,,,15.0,,2026-07-06T11:39:39.210335+00:00
35110541,866360474,пенящиеся салфетки для уборки,top_1_3,салфетки для уборки в рулоне безворсовые для кухни и дома,False,7,1,0,14.29,2.45,2.45,,pending_100_shows,561.0,,,15.0,,2026-07-06T11:39:39.210335+00:00
31314341,629004626,тряпка для стекол без разводов,top_1_3,микрофибра для стекла,False,6,3,0,50.0,1.2,3.6,,pending_100_shows,275.0,,,15.0,,2026-07-06T11:42:06.812999+00:00
31314341,629004626,тряпка для стекол без разводов,top_1_3,салфетки микрофибра для стекол и зеркал,False,6,3,0,50.0,0.7,2.1,,pending_100_shows,275.0,,,15.0,,2026-07-06T11:42:06.812999+00:00
31314341,629004626,тряпка для стекол без разводов,top_1_3,тряпка для мытья окон без разводов корея,False,6,2,0,33.33,1.05,2.1,,pending_100_shows,275.0,,,15.0,,2026-07-06T11:42:06.812999+00:00
31314341,629004626,тряпка для стекол без разводов,top_1_3,тряпка для полировки стекла,False,6,0,0,0.0,,0.0,,pending_100_shows,275.0,,,15.0,,2026-07-06T11:42:06.812999+00:00
31314341,629004626,тряпка для стекол без разводов,top_1_3,тряпка для чистки стекол и зеркал,False,6,0,0,0.0,,0.0,,pending_100_shows,275.0,,,15.0,,2026-07-06T11:42:06.812999+00:00
33206165,754427875,перчатки резиновые хозяйственные,top_1_3,перчатки садовые женские прочные l,False,6,1,0,16.67,2.1,2.1,,pending_100_shows,176.0,,,15.0,,2026-07-06T11:41:42.148456+00:00
33206346,754549033,перчатки для уборки,top_1_3,перчатки садовые женские резиновые,False,6,1,0,16.67,2.1,2.1,,pending_100_shows,457.0,,,15.0,,2026-07-07T09:34:18.573836+00:00
33206346,754549033,перчатки для уборки,top_1_3,перчатки с хлопковым напылением внутри l,False,6,0,0,0.0,,0.0,,pending_100_shows,457.0,,,15.0,,2026-07-07T09:34:18.573836+00:00
35098216,754606396,мочалка варежка для тела,top_1_3,мочалка скраб для тела,False,6,0,0,0.0,,0.0,,pending_100_shows,246.0,,,15.0,,2026-07-06T11:42:31.435927+00:00
35110541,866360474,пенящиеся салфетки для уборки,top_1_3,безворсовые салфетки в рулоне для кухни,False,6,0,0,0.0,,0.0,,pending_100_shows,561.0,,,15.0,,2026-07-06T11:39:39.210335+00:00
35110541,866360474,пенящиеся салфетки для уборки,top_1_3,многоразовые тряпки в рулоне,False,6,0,0,0.0,,0.0,,pending_100_shows,561.0,,,15.0,,2026-07-06T11:39:39.210335+00:00
35110541,866360474,пенящиеся салфетки для уборки,top_1_3,пенящие салфетки для уборки,False,6,0,0,0.0,,0.0,,pending_100_shows,561.0,,,15.0,,2026-07-06T11:39:39.210335+00:00
35110541,866360474,пенящиеся салфетки для уборки,top_1_3,пенящиеся салфетки для кухни в рулоне,False,6,0,0,0.0,,0.0,,pending_100_shows,561.0,,,15.0,,2026-07-06T11:39:39.210335+00:00
35110541,866360474,пенящиеся салфетки для уборки,top_1_3,салфетки бумажные рулон большой,False,6,0,0,0.0,,0.0,,pending_100_shows,561.0,,,15.0,,2026-07-06T11:39:39.210335+00:00
35110541,866360474,пенящиеся салфетки для уборки,top_1_3,салфетки для уборки абразивные,False,6,1,0,16.67,2.1,2.1,,pending_100_shows,561.0,,,15.0,,2026-07-06T11:39:39.210335+00:00
35110541,866360474,пенящиеся салфетки для уборки,top_1_3,салфетки для уборки кухонные многоразовые,False,6,0,0,0.0,,0.0,,pending_100_shows,561.0,,,15.0,,2026-07-06T11:39:39.210335+00:00
31275686,624468743,перчатки для уборки,top_1_3,перчатки садовые резиновые прочные женские,False,5,0,0,0.0,,0.0,,pending_100_shows,179.0,,,15.0,,2026-07-06T11:41:17.541895+00:00
31314341,629004626,тряпка для стекол без разводов,top_1_3,тряпка для пыли из микрофибры,False,5,0,0,0.0,,0.0,,pending_100_shows,275.0,,,15.0,,2026-07-06T11:42:06.812999+00:00
31314341,629004626,тряпка для стекол без разводов,top_1_3,тряпки для мытья окон без разводов,False,5,0,0,0.0,,0.0,,pending_100_shows,275.0,,,15.0,,2026-07-06T11:42:06.812999+00:00
33206165,754427875,перчатки резиновые хозяйственные,top_1_3,перчатки для работы в огороде,False,5,0,0,0.0,,0.0,,pending_100_shows,176.0,,,15.0,,2026-07-06T11:41:42.148456+00:00
33206165,754427875,перчатки резиновые хозяйственные,top_1_3,перчатки для садовых работ,False,5,0,0,0.0,,0.0,,pending_100_shows,176.0,,,15.0,,2026-07-06T11:41:42.148456+00:00
33206346,754549033,перчатки для уборки,top_1_3,перчатки для мытья,False,5,0,0,0.0,,0.0,,pending_100_shows,457.0,,,15.0,,2026-07-07T09:34:18.573836+00:00
35098216,754606396,мочалка варежка для тела,top_1_3,мочалка для тела натуральная,False,5,0,0,0.0,,0.0,,pending_100_shows,246.0,,,15.0,,2026-07-06T11:42:31.435927+00:00
35098216,754606396,мочалка варежка для тела,top_1_3,пилинг варежка для тела,False,5,0,0,0.0,,0.0,,pending_100_shows,246.0,,,15.0,,2026-07-06T11:42:31.435927+00:00
35098216,754606396,мочалка варежка для тела,top_1_3,пилинг скатка для пяток,False,5,0,1,0.0,,0.0,,pending_100_shows,246.0,,,15.0,,2026-07-06T11:42:31.435927+00:00
35110541,866360474,пенящиеся салфетки для уборки,top_1_3,безворсовые салфетки,False,5,2,0,40.0,0.88,1.76,,pending_100_shows,561.0,,,15.0,,2026-07-06T11:39:39.210335+00:00
35110541,866360474,пенящиеся салфетки для уборки,top_1_3,рулонные тряпки для кухни многоразовые,False,5,0,0,0.0,,0.0,,pending_100_shows,561.0,,,15.0,,2026-07-06T11:39:39.210335+00:00
35110541,866360474,пенящиеся салфетки для уборки,top_1_3,салфетка скраббер,False,5,0,0,0.0,,0.0,,pending_100_shows,561.0,,,15.0,,2026-07-06T11:39:39.210335+00:00
35110541,866360474,пенящиеся салфетки для уборки,top_1_3,салфетки скраббер для уборки пенящиеся,False,5,0,0,0.0,,0.0,,pending_100_shows,561.0,,,15.0,,2026-07-06T11:39:39.210335+00:00
35110541,866360474,пенящиеся салфетки для уборки,top_1_3,тряпки в рулоне для кухни вискоза,False,5,0,0,0.0,,0.0,,pending_100_shows,561.0,,,15.0,,2026-07-06T11:39:39.210335+00:00
31314341,629004626,тряпка для стекол без разводов,top_1_3,салфетки для уборки стекол и зеркал,False,4,0,0,0.0,,0.0,,pending_100_shows,275.0,,,15.0,,2026-07-06T11:42:06.812999+00:00
31314341,629004626,тряпка для стекол без разводов,top_1_3,салфетки для уборки стекол и зеркал без разводов,False,4,0,0,0.0,,0.0,,pending_100_shows,275.0,,,15.0,,2026-07-06T11:42:06.812999+00:00
33206165,754427875,перчатки резиновые хозяйственные,top_1_3,перчатка резиновые для работы в саду,False,4,0,0,0.0,,0.0,,pending_100_shows,176.0,,,15.0,,2026-07-06T11:41:42.148456+00:00
33206165,754427875,перчатки резиновые хозяйственные,top_1_3,перчатки резиновые хозяйственные прочные для огорода,False,4,0,0,0.0,,0.0,,pending_100_shows,176.0,,,15.0,,2026-07-06T11:41:42.148456+00:00
33206165,754427875,перчатки резиновые хозяйственные,top_1_3,товары для уборки дома,False,4,0,0,0.0,,0.0,,pending_100_shows,176.0,,,15.0,,2026-07-06T11:41:42.148456+00:00
35098216,754606396,мочалка варежка для тела,top_1_3,варежка кесе,False,4,0,0,0.0,,0.0,,pending_100_shows,246.0,,,15.0,,2026-07-06T11:42:31.435927+00:00
35098216,754606396,мочалка варежка для тела,top_1_3,варежка скраб для тела,False,4,0,0,0.0,,0.0,,pending_100_shows,246.0,,,15.0,,2026-07-06T11:42:31.435927+00:00
35098216,754606396,мочалка варежка для тела,top_1_3,мочалка скраб,False,4,1,0,25.0,0.32,0.32,,pending_100_shows,246.0,,,15.0,,2026-07-06T11:42:31.435927+00:00
35110541,866360474,пенящиеся салфетки для уборки,top_1_3,безворсовые многоразовые салфетки,False,4,0,0,0.0,,0.0,,pending_100_shows,561.0,,,15.0,,2026-07-06T11:39:39.210335+00:00
35110541,866360474,пенящиеся салфетки для уборки,top_1_3,безворсовые полотенца в рулоне,False,4,0,0,0.0,,0.0,,pending_100_shows,561.0,,,15.0,,2026-07-06T11:39:39.210335+00:00
35110541,866360474,пенящиеся салфетки для уборки,top_1_3,пена для уборки дома,False,4,1,0,25.0,1.4,1.4,,pending_100_shows,561.0,,,15.0,,2026-07-06T11:39:39.210335+00:00
35110541,866360474,пенящиеся салфетки для уборки,top_1_3,рулонные тряпки,False,4,0,0,0.0,,0.0,,pending_100_shows,561.0,,,15.0,,2026-07-06T11:39:39.210335+00:00
35110541,866360474,пенящиеся салфетки для уборки,top_1_3,салфетки для уборки в рулоне многоразовые с пропиткой,False,4,0,0,0.0,,0.0,,pending_100_shows,561.0,,,15.0,,2026-07-06T11:39:39.210335+00:00
35110541,866360474,пенящиеся салфетки для уборки,top_1_3,салфетки с моющим средством,False,4,0,0,0.0,,0.0,,pending_100_shows,561.0,,,15.0,,2026-07-06T11:39:39.210335+00:00
35110541,866360474,пенящиеся салфетки для уборки,top_1_3,салфетки универсальные,False,4,0,0,0.0,,0.0,,pending_100_shows,561.0,,,15.0,,2026-07-06T11:39:39.210335+00:00
35110541,866360474,пенящиеся салфетки для уборки,top_1_3,тряпки для кухни в рулоне впитывающие,False,4,0,0,0.0,,0.0,,pending_100_shows,561.0,,,15.0,,2026-07-06T11:39:39.210335+00:00
31275686,624468743,перчатки для уборки,top_1_3,перчатки для уборки прочные,False,3,0,0,0.0,,0.0,,pending_100_shows,179.0,,,15.0,,2026-07-06T11:41:17.541895+00:00
31314341,629004626,тряпка для стекол без разводов,top_1_3,микрофибра для полировки,False,3,0,0,0.0,,0.0,,pending_100_shows,275.0,,,15.0,,2026-07-06T11:42:06.812999+00:00
31314341,629004626,тряпка для стекол без разводов,top_1_3,салфетки 20*30,False,3,0,0,0.0,,0.0,,pending_100_shows,275.0,,,15.0,,2026-07-06T11:42:06.812999+00:00
31314341,629004626,тряпка для стекол без разводов,top_1_3,тряпки для стекол для уборки,False,3,4,1,1.3333000000000002,0.26,1.04,,pending_100_shows,275.0,,,15.0,,2026-07-06T11:42:06.812999+00:00
31314341,629004626,тряпка для стекол без разводов,top_1_3,тряпки из микрофибры для стекол и зеркал,False,3,3,0,100.0,0.35,1.05,,pending_100_shows,275.0,,,15.0,,2026-07-06T11:42:06.812999+00:00
35098216,754606396,мочалка варежка для тела,top_1_3,массажная варежка,False,3,0,0,0.0,,0.0,,pending_100_shows,246.0,,,15.0,,2026-07-06T11:42:31.435927+00:00
35098216,754606396,мочалка варежка для тела,top_1_3,мочалка для пилинга тела,False,3,0,0,0.0,,0.0,,pending_100_shows,246.0,,,15.0,,2026-07-06T11:42:31.435927+00:00
35098216,754606396,мочалка варежка для тела,top_1_3,мочалка мужская рукавица,False,3,0,0,0.0,,0.0,,pending_100_shows,246.0,,,15.0,,2026-07-06T11:42:31.435927+00:00
35098216,754606396,мочалка варежка для тела,top_1_3,пилинг варежка,False,3,0,0,0.0,,0.0,,pending_100_shows,246.0,,,15.0,,2026-07-06T11:42:31.435927+00:00
35098216,754606396,мочалка варежка для тела,top_1_3,скатка для тела,False,3,0,0,0.0,,0.0,,pending_100_shows,246.0,,,15.0,,2026-07-06T11:42:31.435927+00:00
35110541,866360474,пенящиеся салфетки для уборки,top_1_3,безворсовые полотенца,False,3,0,0,0.0,,0.0,,pending_100_shows,561.0,,,15.0,,2026-07-06T11:39:39.210335+00:00
35110541,866360474,пенящиеся салфетки для уборки,top_1_3,многоразовые бумажные салфетки,False,3,0,0,0.0,,0.0,,pending_100_shows,561.0,,,15.0,,2026-07-06T11:39:39.210335+00:00
35110541,866360474,пенящиеся салфетки для уборки,top_1_3,многоразовые пенящиеся салфетки с кокосовой пропиткой,False,3,0,0,0.0,,0.0,,pending_100_shows,561.0,,,15.0,,2026-07-06T11:39:39.210335+00:00
35110541,866360474,пенящиеся салфетки для уборки,top_1_3,рулон тряпок для кухни многоразовые,False,3,0,0,0.0,,0.0,,pending_100_shows,561.0,,,15.0,,2026-07-06T11:39:39.210335+00:00
35110541,866360474,пенящиеся салфетки для уборки,top_1_3,салфетки 30,False,3,0,0,0.0,,0.0,,pending_100_shows,561.0,,,15.0,,2026-07-06T11:39:39.210335+00:00
35110541,866360474,пенящиеся салфетки для уборки,top_1_3,салфетки абразивные для кухни в рулоне,False,3,0,0,0.0,,0.0,,pending_100_shows,561.0,,,15.0,,2026-07-06T11:39:39.210335+00:00
35110541,866360474,пенящиеся салфетки для уборки,top_1_3,салфетки для уборки рулон,False,3,2,0,66.67,0.53,1.06,,pending_100_shows,561.0,,,15.0,,2026-07-06T11:39:39.210335+00:00
31275686,624468743,перчатки для уборки,top_1_3,перчатки резиновые прочные мужские,False,2,0,0,0.0,,0.0,,pending_100_shows,179.0,,,15.0,,2026-07-06T11:41:17.541895+00:00
31275686,624468743,перчатки для уборки,top_1_3,перчатки хозяйственные садовые,False,2,0,0,0.0,,0.0,,pending_100_shows,179.0,,,15.0,,2026-07-06T11:41:17.541895+00:00
33206165,754427875,перчатки резиновые хозяйственные,top_1_3,перчатки резиновые хозяйственные прочные s,False,2,0,0,0.0,,0.0,,pending_100_shows,176.0,,,15.0,,2026-07-06T11:41:42.148456+00:00
33206165,754427875,перчатки резиновые хозяйственные,top_1_3,перчатки садовые женские прочные,False,2,0,0,0.0,,0.0,,pending_100_shows,176.0,,,15.0,,2026-07-06T11:41:42.148456+00:00
33206165,754427875,перчатки резиновые хозяйственные,top_1_3,перчатки садовые резиновые прочные,False,2,0,0,0.0,,0.0,,pending_100_shows,176.0,,,15.0,,2026-07-06T11:41:42.148456+00:00
33206165,754427875,перчатки резиновые хозяйственные,top_1_3,перчатки хозяйственные резиновые 5 пар,False,2,1,0,50.0,0.7,0.7,,pending_100_shows,176.0,,,15.0,,2026-07-06T11:41:42.148456+00:00
35098216,754606396,мочалка варежка для тела,top_1_3,варежка для лица,False,2,1,0,50.0,0.16,0.16,,pending_100_shows,246.0,,,15.0,,2026-07-06T11:42:31.435927+00:00
35098216,754606396,мочалка варежка для тела,top_1_3,варежка для пилинга кесе,False,2,0,0,0.0,,0.0,,pending_100_shows,246.0,,,15.0,,2026-07-06T11:42:31.435927+00:00
35098216,754606396,мочалка варежка для тела,top_1_3,кесе,False,2,0,0,0.0,,0.0,,pending_100_shows,246.0,,,15.0,,2026-07-06T11:42:31.435927+00:00
35098216,754606396,мочалка варежка для тела,top_1_3,мочалка для тела женская,False,2,0,0,0.0,,0.0,,pending_100_shows,246.0,,,15.0,,2026-07-06T11:42:31.435927+00:00
35098216,754606396,мочалка варежка для тела,top_1_3,мочалка для тела женская натуральная,False,2,0,0,0.0,,0.0,,pending_100_shows,246.0,,,15.0,,2026-07-06T11:42:31.435927+00:00
35098216,754606396,мочалка варежка для тела,top_1_3,мочалка кесе,False,2,0,0,0.0,,0.0,,pending_100_shows,246.0,,,15.0,,2026-07-06T11:42:31.435927+00:00
35098216,754606396,мочалка варежка для тела,top_1_3,пилинг губка для тела скатка,False,2,0,0,0.0,,0.0,,pending_100_shows,246.0,,,15.0,,2026-07-06T11:42:31.435927+00:00
35098216,754606396,мочалка варежка для тела,top_1_3,пилинг скатка для лица,False,2,1,1,50.0,0.16,0.16,,pending_100_shows,246.0,,,15.0,,2026-07-06T11:42:31.435927+00:00
35098216,754606396,мочалка варежка для тела,top_1_3,рукавица кесе,False,2,0,0,0.0,,0.0,,pending_100_shows,246.0,,,15.0,,2026-07-06T11:42:31.435927+00:00
35098216,754606396,мочалка варежка для тела,top_1_3,скраб для лица,False,2,0,0,0.0,,0.0,,pending_100_shows,246.0,,,15.0,,2026-07-06T11:42:31.435927+00:00
35110541,866360474,пенящиеся салфетки для уборки,top_1_3,салфетки вискозные для кухни,False,2,0,0,0.0,,0.0,,pending_100_shows,561.0,,,15.0,,2026-07-06T11:39:39.210335+00:00
35110541,866360474,пенящиеся салфетки для уборки,top_1_3,салфетки в рулоне с пропиткой,False,2,0,0,0.0,,0.0,,pending_100_shows,561.0,,,15.0,,2026-07-06T11:39:39.210335+00:00
35110541,866360474,пенящиеся салфетки для уборки,top_1_3,салфетки пенящиеся для уборки всего дома,False,2,0,0,0.0,,0.0,,pending_100_shows,561.0,,,15.0,,2026-07-06T11:39:39.210335+00:00
31275686,624468743,перчатки для уборки,top_1_3,перчатки для уборки м,False,1,0,0,0.0,,0.0,,pending_100_shows,179.0,,,15.0,,2026-07-06T11:41:17.541895+00:00
31275686,624468743,перчатки для уборки,top_1_3,резиновые перчатки l,False,1,0,0,0.0,,0.0,,pending_100_shows,179.0,,,15.0,,2026-07-06T11:41:17.541895+00:00
31314341,629004626,тряпка для стекол без разводов,top_1_3,безворсовые тряпки для уборки,False,1,0,0,0.0,,0.0,,pending_100_shows,275.0,,,15.0,,2026-07-06T11:42:06.812999+00:00
33206165,754427875,перчатки резиновые хозяйственные,top_1_3,перчатки резиновые хозяйственные упаковка,False,1,0,0,0.0,,0.0,,pending_100_shows,176.0,,,15.0,,2026-07-06T11:41:42.148456+00:00
33206346,754549033,перчатки для уборки,top_1_3,перчатки садовые с покрытием женские прочные l,False,1,0,0,0.0,,0.0,,pending_100_shows,457.0,,,15.0,,2026-07-07T09:34:18.573836+00:00
35098216,754606396,мочалка варежка для тела,top_1_3,варежка для пилинга лица,False,1,0,0,0.0,,0.0,,pending_100_shows,246.0,,,15.0,,2026-07-06T11:42:31.435927+00:00
35098216,754606396,мочалка варежка для тела,top_1_3,варежка для пилинга тела,False,1,1,0,100.0,0.08,0.08,,pending_100_shows,246.0,,,15.0,,2026-07-06T11:42:31.435927+00:00
35098216,754606396,мочалка варежка для тела,top_1_3,варежка для тела,False,1,0,0,0.0,,0.0,,pending_100_shows,246.0,,,15.0,,2026-07-06T11:42:31.435927+00:00
35098216,754606396,мочалка варежка для тела,top_1_3,варежка кесе для тела,False,1,0,0,0.0,,0.0,,pending_100_shows,246.0,,,15.0,,2026-07-06T11:42:31.435927+00:00
35098216,754606396,мочалка варежка для тела,top_1_3,варежка массажная для тела,False,1,0,0,0.0,,0.0,,pending_100_shows,246.0,,,15.0,,2026-07-06T11:42:31.435927+00:00
35098216,754606396,мочалка варежка для тела,top_1_3,массажная мочалка для тела,False,1,0,0,0.0,,0.0,,pending_100_shows,246.0,,,15.0,,2026-07-06T11:42:31.435927+00:00
35098216,754606396,мочалка варежка для тела,top_1_3,мочалка варежка пилинг,False,1,0,0,0.0,,0.0,,pending_100_shows,246.0,,,15.0,,2026-07-06T11:42:31.435927+00:00
35098216,754606396,мочалка варежка для тела,top_1_3,мочалка пилинг,False,1,0,0,0.0,,0.0,,pending_100_shows,246.0,,,15.0,,2026-07-06T11:42:31.435927+00:00
35098216,754606396,мочалка варежка для тела,top_1_3,пилинг для тела отшелушивающий,False,1,0,0,0.0,,0.0,,pending_100_shows,246.0,,,15.0,,2026-07-06T11:42:31.435927+00:00
35098216,754606396,мочалка варежка для тела,top_1_3,пилинги для лица,False,1,0,0,0.0,,0.0,,pending_100_shows,246.0,,,15.0,,2026-07-06T11:42:31.435927+00:00
35098216,754606396,мочалка варежка для тела,top_1_3,пилинг от вросших волос на ногах,False,1,0,0,0.0,,0.0,,pending_100_shows,246.0,,,15.0,,2026-07-06T11:42:31.435927+00:00
35098216,754606396,мочалка варежка для тела,top_1_3,рукавица для душа,False,1,0,0,0.0,,0.0,,pending_100_shows,246.0,,,15.0,,2026-07-06T11:42:31.435927+00:00
35110541,866360474,пенящиеся салфетки для уборки,top_1_3,многоразовые салфетки в рулоне для кухни с пропиткой,False,1,0,0,0.0,,0.0,,pending_100_shows,561.0,,,15.0,,2026-07-06T11:39:39.210335+00:00
35110541,866360474,пенящиеся салфетки для уборки,top_1_3,многоразовые салфетки с пропиткой,False,1,1,0,100.0,0.4,0.4,,pending_100_shows,561.0,,,15.0,,2026-07-06T11:39:39.210335+00:00
35110541,866360474,пенящиеся салфетки для уборки,top_1_3,пенящиеся салфетки для уборки с кокосом,False,1,0,0,0.0,,0.0,,pending_100_shows,561.0,,,15.0,,2026-07-06T11:39:39.210335+00:00
35110541,866360474,пенящиеся салфетки для уборки,top_1_3,салфетки вискозные,False,1,0,0,0.0,,0.0,,pending_100_shows,561.0,,,15.0,,2026-07-06T11:39:39.210335+00:00
31275686,624468743,перчатки для уборки,top_1_3,перчатки резиновые,False,0,0,1,0.0,,0.0,,pending_100_shows,179.0,,,15.0,,2026-07-06T11:41:17.541895+00:00
31314341,629004626,тряпка для стекол без разводов,top_1_3,корейские салфетки,False,0,0,1,0.0,,0.0,,pending_100_shows,275.0,,,15.0,,2026-07-06T11:42:06.812999+00:00
36713559,869367544,салфетки из микрофибры 30х30,top_1_3,кухонная тряпка,False,0,0,5,0.0,,0.0,,pending_100_shows,330.0,,,15.0,,2026-07-06T11:40:28.342228+00:00
